env_steps,iter,loss_wm,loss_recon,loss_kl,loss_reward,loss_continue,loss_actor,loss_critic,loss_pg,entropy,returns_mean,values_mean,return_scale,p5,p95,ips,env_reward_per_step,rew_pred_ach,rew_pred_zero,img_rew_max,img_rew_frac_hi
1568,49,257.5243225097656,253.5848846435547,3.0383830070495605,0.8855150938034058,0.015532871708273888,0.31036317348480225,2.744354248046875,0.31070536375045776,1.2745507955551147,0.4865094721317291,0.23144349455833435,1.0,0.15818393230438232,0.5770211219787598,0.734885892757482,-0.0056,,,,
3168,99,132.04354858398438,128.30470275878906,2.872119426727295,0.8474262356758118,0.01929871365427971,0.005592741072177887,2.958789348602295,0.005617295857518911,0.085865817964077,0.4690459370613098,0.3745572865009308,1.0859004259109497,-0.0121327955275774,1.0799638032913208,0.9461847711143481,0.0009000000000000001,,,,
4768,149,81.90838623046875,78.6351547241211,2.5315184593200684,0.717619776725769,0.02409449592232704,-0.002086958847939968,3.2039737701416016,-0.002054253127425909,0.11476659774780273,0.14236174523830414,0.20818687975406647,1.6694490909576416,-0.5378284454345703,1.1323429346084595,1.044590984629781,-0.0054,,,,
6368,199,93.86605072021484,90.55499267578125,2.77567720413208,0.5198087692260742,0.015570513904094696,0.0031738169491291046,3.220658302307129,0.0032096332870423794,0.13189567625522614,0.9242523908615112,0.6150006055831909,3.11716628074646,-0.8974118828773499,2.2286438941955566,1.1060554174215291,0.0058000000000000005,,,,
7968,249,83.29633331298828,80.13101959228516,2.418349266052246,0.725058913230896,0.021901050582528114,-0.0005126743344590068,2.907846450805664,-0.0004800465831067413,0.1133963018655777,0.7174757122993469,0.6738898754119873,3.8372914791107178,-1.2366143465042114,2.598085403442383,1.1441573288954405,0.0038999999999999994,,,,
9568,299,76.16728973388672,72.81439971923828,2.694864273071289,0.6368468999862671,0.02117924764752388,0.001670887810178101,2.553550958633423,0.0016962651861831546,0.08933497220277786,0.7864083051681519,0.6852417588233948,4.239884376525879,-1.4497908353805542,2.790330648422241,1.1715907543701511,0.0015999999999999996,,,,
11168,349,76.33512878417969,73.24537658691406,2.5847437381744385,0.49538713693618774,0.00961921364068985,-0.0011018284130841494,2.687225341796875,-0.0010745692998170853,0.09825625270605087,0.26739779114723206,0.27370530366897583,5.016190528869629,-1.6347439289093018,3.387018918991089,1.192208542801451,0.0039000000000000003,,,,
12768,399,59.36153030395508,56.02092742919922,2.668041229248047,0.6413311958312988,0.03123280219733715,0.001569006941281259,2.7909488677978516,0.0016078860498964787,0.14021331071853638,0.7077460885047913,0.6133432984352112,5.202060699462891,-1.6753754615783691,3.5250015258789062,1.2077571846506863,0.005799999999999999,,,,
14368,449,57.77865219116211,54.14276885986328,3.0661749839782715,0.5505801439285278,0.01913033239543438,0.0032931172754615545,3.0404224395751953,0.003332899883389473,0.14114585518836975,1.3868764638900757,1.2088741064071655,5.865096092224121,-1.1872503757476807,4.684885501861572,1.2192277224979253,0.0014999999999999996,,,,
15968,499,51.960689544677734,47.79999542236328,3.5973172187805176,0.548163652420044,0.015213672071695328,0.003296756651252508,2.9317116737365723,0.0033450517803430557,0.16960524022579193,1.6869049072265625,1.3957555294036865,7.006438255310059,-1.4279192686080933,5.582944393157959,1.2293640084361648,-0.0005,,,,
17568,549,59.84855651855469,55.552249908447266,3.685000419616699,0.5870952606201172,0.024208582937717438,0.0005623621982522309,2.9424407482147217,0.0006119391764514148,0.17511261999607086,1.8129326105117798,1.6818981170654297,7.008082866668701,-1.6256026029586792,5.390867710113525,1.2361706161575479,0.0024,,,,
19168,599,39.97480010986328,36.1988525390625,3.308607578277588,0.4507204294204712,0.016615774482488632,-0.0009225435787811875,2.6840591430664062,-0.0008574596140533686,0.2258397340774536,2.1178677082061768,2.1174347400665283,7.379952907562256,-1.3342214822769165,6.044881820678711,1.2444542962371479,0.011699999999999999,,,,
20768,649,51.46492004394531,47.43547058105469,3.5965301990509033,0.41723012924194336,0.015690652653574944,-0.0017131922068074346,2.612194538116455,-0.001640914473682642,0.2533726394176483,2.236034870147705,2.3000504970550537,7.535096168518066,-1.533609390258789,6.00682258605957,1.2491219787975252,0.006700000000000001,,,,
22368,699,45.64522933959961,41.455326080322266,3.850942611694336,0.3251965641975403,0.01376645639538765,-0.00279271905310452,2.7886857986450195,-0.0027165720239281654,0.2646610140800476,1.1126368045806885,1.1677392721176147,7.6955976486206055,-1.672363042831421,6.0299811363220215,1.255724868448948,0.0068000000000000005,,,,
23968,749,39.63172912597656,35.63081741333008,3.6061267852783203,0.37754783034324646,0.0172333512455225,-0.001478357706218958,2.616300106048584,-0.0013959738425910473,0.2889730930328369,0.9702066779136658,0.9768979549407959,7.783200263977051,-1.7331622838974,6.052504062652588,1.2593849002227495,0.0035,,,,
25568,799,40.44578170776367,36.19016647338867,3.7661080360412598,0.47466328740119934,0.01484227366745472,0.0005042303819209337,2.829437732696533,0.0005797807243652642,0.26066699624061584,1.4079023599624634,1.3621422052383423,7.685811996459961,-1.656122088432312,6.016167163848877,1.2627845932523425,0.004399999999999999,,,,
27168,849,42.06836700439453,36.99431228637695,4.508533477783203,0.546592116355896,0.01892930082976818,0.004758076276630163,2.297907829284668,0.004883480258285999,0.44197502732276917,1.5911853313446045,1.4604183435440063,7.337737083435059,-1.4263837337493896,5.918900489807129,1.265594479705827,0.0104,,,,
28768,899,36.44557571411133,32.431156158447266,3.6905062198638916,0.31784385442733765,0.006069371942430735,-0.0019607897847890854,2.170734405517578,-0.0018380002584308386,0.4421260356903076,1.6770340204238892,1.6402214765548706,7.592789649963379,-1.6246132850646973,5.982186794281006,1.2687648726321297,0.0165,,,,
30368,949,35.324928283691406,30.999052047729492,3.934025526046753,0.38231974840164185,0.009528931230306625,-0.0011523340363055468,2.3378849029541016,-0.0010320456931367517,0.41642236709594727,0.5403720736503601,0.5864039063453674,7.722053050994873,-1.7041096687316895,6.014084339141846,1.2709878397885461,0.013800000000000002,,,,
31968,999,33.12118911743164,28.728099822998047,4.036386966705322,0.35114240646362305,0.0055589755065739155,-0.0009503334295004606,2.042126417160034,-0.0008243202464655042,0.4417622983455658,1.0844929218292236,1.0599005222320557,7.715643882751465,-1.762886881828308,5.950492858886719,1.2733859468107256,0.013800000000000002,,,,
33568,1049,33.78755187988281,29.40716552734375,4.002889633178711,0.3688509464263916,0.00864592008292675,0.002491886029019952,2.3256144523620605,0.002615454141050577,0.44631022214889526,0.30789071321487427,0.2519683539867401,7.668273448944092,-1.844692587852478,5.803469657897949,1.2756654773231224,0.0135,,,,
35168,1099,37.7358283996582,32.643104553222656,4.678744792938232,0.4068973660469055,0.007078179158270359,0.00045234832214191556,2.586338520050049,0.0005315288435667753,0.27786168456077576,0.9481996893882751,0.8867701292037964,7.316981315612793,-1.671459436416626,5.641748428344727,1.2766086932988256,0.022799999999999997,,,,
36768,1149,40.64607238769531,35.967674255371094,4.2886481285095215,0.3780543804168701,0.011696458794176579,-0.009162168018519878,2.686612129211426,-0.009063512086868286,0.371529757976532,1.0016149282455444,1.1522332429885864,7.192928314208984,-1.473159909248352,5.724595546722412,1.2780250146630494,0.005300000000000001,,,,
38368,1199,31.190004348754883,26.82856559753418,3.8280413150787354,0.5187984108924866,0.014599793590605259,0.007371202111244202,2.333130359649658,0.007466911803930998,0.3315832316875458,0.7655858397483826,0.6227282285690308,7.145705699920654,-1.4477429389953613,5.703922748565674,1.2791807330428835,0.0105,,,,
39968,1249,42.421478271484375,36.557926177978516,5.4639692306518555,0.3954358994960785,0.004147910512983799,-0.001021451666019857,2.4216086864471436,-0.0009187225950881839,0.36268410086631775,0.5826390981674194,0.6433571577072144,7.3125224113464355,-1.577480435371399,5.7311601638793945,1.2809371456245247,0.009300000000000001,,,,
41568,1299,39.57771301269531,33.7410888671875,5.368913173675537,0.45479634404182434,0.01291684340685606,-0.006113248877227306,2.5813913345336914,-0.00599876930937171,0.3945392072200775,0.3141975402832031,0.38588082790374756,6.974289417266846,-1.6467245817184448,5.324635028839111,1.2819929256320666,0.005,,,,
43168,1349,33.900970458984375,28.510305404663086,4.9031524658203125,0.47507038712501526,0.012439287267625332,-0.0008286026422865689,2.359762191772461,-0.0007181029650382698,0.38313183188438416,0.8475860357284546,0.8246967792510986,6.521493911743164,-1.7042359113693237,4.806765079498291,1.2834705389447751,0.007700000000000001,,,,
44768,1399,40.28375244140625,35.0669059753418,4.728046417236328,0.4794783294200897,0.009323696605861187,-3.016632399521768e-05,2.1497180461883545,9.233661694452167e-05,0.437764048576355,0.34702742099761963,0.3399944305419922,6.5395097732543945,-1.753671407699585,4.786166191101074,1.284696093612652,0.0135,,,,
46368,1449,37.62001037597656,31.512325286865234,5.676457405090332,0.4204949736595154,0.01073356345295906,0.004475881345570087,2.2886407375335693,0.004600319545716047,0.43270552158355713,0.6964253783226013,0.5898281335830688,6.838990688323975,-1.8178255558013916,5.019164562225342,1.2863175837671588,0.0169,,,,
47968,1499,30.720443725585938,26.336345672607422,4.057937145233154,0.322414755821228,0.003745386842638254,0.0017987053142860532,2.372471332550049,0.0019201581599190831,0.4381634593009949,0.4900957942008972,0.46866098046302795,7.057877540588379,-1.9046519994735718,5.1437764167785645,1.2873798947700448,0.005300000000000001,,,,
49568,1549,28.254541397094727,23.22792625427246,4.692823886871338,0.32051312923431396,0.013278510421514511,0.0010418727761134505,2.4207966327667236,0.0011825544061139226,0.49305176734924316,0.2965419292449951,0.24333694577217102,7.1928486824035645,-1.9168504476547241,5.260953426361084,1.2886962987315949,0.019200000000000002,,,,
51168,1599,35.93400955200195,30.449604034423828,5.104393005371094,0.37046027183532715,0.009550143033266068,-0.0049875094555318356,2.067397117614746,-0.00484655424952507,0.5079120993614197,0.733812689781189,0.7903139591217041,7.481688976287842,-1.9738186597824097,5.512232780456543,1.2897269561418079,0.005399999999999999,,,,
52768,1649,32.05049133300781,26.788476943969727,4.681995868682861,0.5682661533355713,0.011751255951821804,-0.0019199708476662636,2.0649666786193848,-0.001794794574379921,0.439048707485199,0.3469024896621704,0.35532039403915405,7.365440368652344,-2.004112720489502,5.357405185699463,1.2915079892090773,0.018900000000000004,,,,
54368,1699,31.808837890625,25.913984298706055,5.427521705627441,0.451056569814682,0.016273343935608864,-0.002426887396723032,2.3373970985412598,-0.002301282249391079,0.4363560378551483,0.9996227622032166,0.9792406558990479,7.279389381408691,-1.9615600109100342,5.315814971923828,1.292524073239039,0.0094,,,,
55968,1749,35.167015075683594,29.29802894592285,5.507445812225342,0.35792773962020874,0.0036130747757852077,-0.005848555359989405,2.187863826751709,-0.005705282092094421,0.5077192187309265,0.08404342830181122,0.1399497389793396,7.108242988586426,-1.9522475004196167,5.160820960998535,1.2933269105988736,0.0075,,,,
57568,1799,30.70636558532715,25.15704345703125,5.148465633392334,0.3886986970901489,0.01215788722038269,-0.01032959669828415,2.2821707725524902,-0.010219755582511425,0.39436259865760803,0.24761343002319336,0.3818311095237732,6.855719566345215,-1.970551609992981,4.876453876495361,1.2940069060406756,0.0070999999999999995,,,,
59168,1849,26.12360382080078,21.039079666137695,4.716564178466797,0.3622284531593323,0.005731015000492334,0.0008461339748464525,2.1110646724700928,0.0009596645832061768,0.4044130742549896,1.0929679870605469,1.0323209762573242,6.7080535888671875,-2.038910388946533,4.689413547515869,1.2947275422384765,0.0167,,,,
60768,1899,30.400075912475586,24.015762329101562,5.897578716278076,0.4780155420303345,0.008718655444681644,-0.006240051239728928,2.2223918437957764,-0.006113878916949034,0.45274633169174194,-0.5241714715957642,-0.46493643522262573,6.651369094848633,-2.102048397064209,4.5328216552734375,1.2959932185180227,0.0055,,,,
62368,1949,28.665569305419922,22.410205841064453,5.858789443969727,0.38908958435058594,0.0074852281250059605,-0.002931851428002119,2.2967395782470703,-0.002817900851368904,0.3988616466522217,0.3698342740535736,0.33844518661499023,6.268914222717285,-2.0802741050720215,4.191145420074463,1.2962373270939558,0.0173,,,,
63968,1999,33.67912673950195,27.663833618164062,5.616434574127197,0.38561201095581055,0.013245586305856705,-0.004186662379652262,2.0950496196746826,-0.004056496080011129,0.45962491631507874,0.08363571017980576,0.1405923217535019,6.289230823516846,-2.069355010986328,4.216348171234131,1.296747589902351,0.0055,,,,
65568,2049,27.344335556030273,21.856550216674805,5.092698097229004,0.38849812746047974,0.00658758170902729,-0.0021595603320747614,2.039198637008667,-0.0020376229658722878,0.4430527687072754,0.26654744148254395,0.27832722663879395,6.4693169593811035,-2.1086654663085938,4.352139472961426,1.2974106330706832,0.0101,,,,
67168,2099,28.754968643188477,23.091344833374023,5.255679130554199,0.4032347798347473,0.0047117858193814754,0.0037792224902659655,2.42067289352417,0.0038941598031669855,0.41934025287628174,0.6064711809158325,0.513602077960968,6.387803554534912,-2.1220595836639404,4.27385950088501,1.2977267302973972,0.0156,,,,
68768,2149,31.188039779663086,24.558149337768555,6.143311023712158,0.470171183347702,0.016409771516919136,-0.0018209719564765692,2.4794816970825195,-0.0016461866907775402,0.6121452450752258,-0.0934634804725647,-0.09248684346675873,6.818788528442383,-2.1246657371520996,4.691670894622803,1.2983733167201204,0.007600000000000001,,,,
70368,2199,32.714454650878906,26.255319595336914,6.121092319488525,0.33152535557746887,0.00651774276047945,-0.003999518230557442,2.107027292251587,-0.0038383377250283957,0.5700803995132446,0.4484252333641052,0.4372219443321228,6.707099914550781,-2.0639431476593018,4.639523506164551,1.2987193144160245,0.0178,,,,
71968,2249,28.14923095703125,22.60154151916504,5.1901140213012695,0.3537295162677765,0.003845699829980731,-0.002440434880554676,2.16672420501709,-0.0022312237415462732,0.7356650829315186,0.48208215832710266,0.4623134732246399,6.50351619720459,-2.0539543628692627,4.445769309997559,1.299127107002308,0.0146,,,,
73568,2299,26.024005889892578,20.343521118164062,5.359034538269043,0.31855508685112,0.0028936248272657394,0.0031039323657751083,2.1838676929473877,0.0032872408628463745,0.6346104145050049,0.12592309713363647,0.06374267488718033,6.3060503005981445,-1.9601223468780518,4.3422746658325195,1.2994301689842527,0.0099,,,,
75168,2349,24.883514404296875,19.605634689331055,4.995702743530273,0.2766295373439789,0.0055467975325882435,0.0009358158567920327,2.2106246948242188,0.0011395406909286976,0.7080692052841187,-0.021654382348060608,-0.06470388174057007,6.015828609466553,-1.950821876525879,4.061169624328613,1.299550863215373,0.012899999999999998,,,,
76768,2399,23.14760398864746,17.614290237426758,5.129398822784424,0.3949139416217804,0.009000244550406933,-0.0018776796059682965,2.269291400909424,-0.001701521803624928,0.6206779479980469,-0.03741626441478729,-0.0197079386562109,5.795377254486084,-1.8851321935653687,3.8993990421295166,1.3003784194193253,0.017599999999999998,,,,
78368,2449,25.97347068786621,19.755870819091797,5.8384928703308105,0.37478235363960266,0.004324654582887888,0.003665977157652378,2.337158203125,0.0038269939832389355,0.5548137426376343,0.11218878626823425,0.03690362721681595,5.706404685974121,-1.8733056783676147,3.8289825916290283,1.3006134657767177,0.0218,,,,
79968,2499,28.57145881652832,22.17084312438965,5.9816694259643555,0.41318655014038086,0.005759985651820898,-0.004828289151191711,2.021016836166382,-0.004663983825594187,0.578991174697876,0.06747595965862274,0.07473760843276978,5.634347438812256,-1.7598315477371216,3.8605897426605225,1.3014893861447032,0.0087,,,,
81568,2549,24.561891555786133,18.317251205444336,5.813378810882568,0.4189623296260834,0.012299366295337677,0.007108828518539667,2.107879638671875,0.007255303207784891,0.5181249380111694,0.21270139515399933,0.0977315753698349,5.982465744018555,-1.7624934911727905,4.21279239654541,1.271920258773838,0.011600000000000001,,,,
83168,2599,28.94034194946289,22.91739845275879,5.665642738342285,0.3498239815235138,0.007474124431610107,-0.003983707167208195,2.0618577003479004,-0.0037894563283771276,0.6792092323303223,0.06829330325126648,0.10757920145988464,6.014022350311279,-1.8013464212417603,4.188472270965576,1.2730682026006401,0.004200000000000001,,,,
84768,2649,27.73762321472168,21.293699264526367,6.155056953430176,0.2856965661048889,0.003169792704284191,-0.0034984350204467773,2.051222801208496,-0.0033118389546871185,0.6516915559768677,0.39393240213394165,0.41819387674331665,5.7238545417785645,-1.8292995691299438,3.885859251022339,1.2741879727055847,0.015099999999999999,,,,
86368,2699,23.830339431762695,18.02684211730957,5.390077590942383,0.4082508981227875,0.005169249605387449,-0.002203095704317093,1.9082064628601074,-0.002028954215347767,0.6166638731956482,0.27110275626182556,0.26458296179771423,5.991597652435303,-1.7902369499206543,4.193505764007568,1.2752108416880321,0.0038000000000000004,,,,
87968,2749,26.190494537353516,20.330684661865234,5.476840019226074,0.37844985723495483,0.004518372006714344,0.002376374788582325,2.320702075958252,0.0025333943776786327,0.5510156750679016,0.3422480821609497,0.2948216199874878,5.935785293579102,-1.6999156475067139,4.232242584228516,1.2760553621416535,0.0095,,,,
89568,2799,28.006511688232422,21.01497459411621,6.670624256134033,0.31549638509750366,0.005417150445282459,0.004593107383698225,2.4728922843933105,0.004772847052663565,0.6200329661369324,1.0329596996307373,0.8955267667770386,5.7776336669921875,-1.635461449623108,4.155391216278076,1.277079814189677,0.0076,,,,
91168,2849,26.772125244140625,19.455480575561523,6.888888835906982,0.42501792311668396,0.0027372529730200768,0.0003254443290643394,2.3868746757507324,0.0004769788938574493,0.5344253778457642,-0.15282031893730164,-0.18015484511852264,5.916940212249756,-1.6097503900527954,4.286548137664795,1.277775823842137,0.0154,,,,
92768,2899,23.007471084594727,17.107824325561523,5.4949750900268555,0.40016260743141174,0.0045106010511517525,-0.001671413192525506,2.169832229614258,-0.001507374458014965,0.5763387084007263,0.3362407982349396,0.3586380183696747,5.678280353546143,-1.5713719129562378,4.1074419021606445,1.2785478295966424,0.004700000000000001,,,,
94368,2949,35.25880432128906,26.794090270996094,8.058093070983887,0.399348646402359,0.007269587367773056,0.0007515300530940294,2.3869824409484863,0.0008781782817095518,0.46535399556159973,0.6431843042373657,0.6176248788833618,5.608579635620117,-1.6023316383361816,4.003047466278076,1.279394575556412,0.0125,,,,
95968,2999,22.022565841674805,15.707608222961426,5.941629409790039,0.36798518896102905,0.0053415969014167786,0.0015693180030211806,2.264148712158203,0.0017408488783985376,0.5955964922904968,0.6895076036453247,0.6702571511268616,5.444307327270508,-1.537867784500122,3.9162991046905518,1.2801372730535447,0.004900000000000001,,,,
97568,3049,25.216869354248047,19.238113403320312,5.6823201179504395,0.29098275303840637,0.005454038269817829,-0.0013169227167963982,2.113572835922241,-0.001169782830402255,0.5161474347114563,0.5517673492431641,0.5687839984893799,5.489568710327148,-1.4686475992202759,4.004217147827148,1.2809939071745082,0.0096,,,,
99168,3099,33.154422760009766,25.875242233276367,6.836495399475098,0.4343937635421753,0.008290647529065609,-0.001557840034365654,1.9954454898834229,-0.0013469578698277473,0.7358013987541199,0.9125409126281738,0.8613229990005493,5.504021167755127,-1.471190094947815,4.030534267425537,1.2814688032312294,0.0064,,,,
100768,3149,21.479000091552734,15.022754669189453,6.16176700592041,0.29215875267982483,0.0023204900790005922,-0.0038302778266370296,2.0972933769226074,-0.0036567486822605133,0.6048662662506104,0.5142234563827515,0.5240262746810913,5.622559070587158,-1.46250581741333,4.170505523681641,1.2822534504492398,0.012199999999999999,,,,
102368,3199,30.09762191772461,22.914573669433594,6.878645896911621,0.2990918457508087,0.0053091575391590595,0.00171515007968992,2.188234806060791,0.0019091707654297352,0.6636021137237549,0.6657875180244446,0.6751900315284729,5.671865463256836,-1.4248303174972534,4.238615036010742,1.2828500377053758,0.011699999999999999,,,,
103968,3249,24.48063087463379,17.95012855529785,6.198875427246094,0.3279559910297394,0.0036724270321428776,-0.0022962966468185186,2.0176496505737305,-0.002106358064338565,0.6879152655601501,0.6725816130638123,0.6401195526123047,5.763851165771484,-1.4230430126190186,4.349843502044678,1.2833979077954416,0.009800000000000001,,,,
105568,3299,29.133325576782227,21.76984405517578,7.0051093101501465,0.35412731766700745,0.004244253970682621,-0.0023567676544189453,2.297355890274048,-0.0021831849589943886,0.6202210187911987,0.5636920928955078,0.5018748044967651,5.791592597961426,-1.4052836894989014,4.382673740386963,1.2841325250366247,0.014199999999999999,,,,
107168,3349,23.9669132232666,16.533679962158203,6.99070405960083,0.4336378574371338,0.008892137557268143,0.0015845791203901172,2.0360283851623535,0.001749492366798222,0.5723308324813843,1.2830408811569214,1.2750287055969238,5.6280951499938965,-1.434531331062317,4.198289394378662,1.284761050621677,0.0102,,,,
108768,3399,22.621641159057617,16.370134353637695,5.814280033111572,0.42766273021698,0.009565901011228561,-0.005186609923839569,2.0609354972839355,-0.005034377332776785,0.5259249806404114,0.9135518670082092,0.9361642003059387,5.8482770919799805,-1.4645582437515259,4.407642841339111,1.285303302272875,0.010100000000000001,,,,
110368,3449,19.07553482055664,13.983182907104492,4.841363430023193,0.24681594967842102,0.004170553293079138,-0.005870770197361708,2.0906314849853516,-0.005714452359825373,0.5397075414657593,1.5365726947784424,1.5768730640411377,5.901025295257568,-1.6121835708618164,4.3671369552612305,1.2859244465335704,0.0087,,,,
111968,3499,25.022794723510742,18.08952522277832,6.554852485656738,0.3752420246601105,0.0031744278967380524,-0.0001318439026363194,2.148021697998047,-1.4818044292042032e-05,0.41243860125541687,0.5401533246040344,0.4985770285129547,5.935950756072998,-1.6272809505462646,4.298613548278809,1.2865791386201686,0.009200000000000002,,,,
113568,3549,30.21282958984375,22.316652297973633,7.428033828735352,0.45889368653297424,0.009250806644558907,8.615199476480484e-05,2.2288947105407715,0.0002301409258507192,0.505763053894043,0.715404748916626,0.6221689581871033,6.051520347595215,-1.6676255464553833,4.398677349090576,1.2870412579558033,0.0085,,,,
115168,3599,27.383895874023438,19.928455352783203,7.141941070556641,0.30877071619033813,0.0047285184264183044,-0.0051458836533129215,2.1108169555664062,-0.005001878831535578,0.5074801445007324,0.5756320357322693,0.6036399006843567,5.715145111083984,-1.5984926223754883,4.120766639709473,1.287606208996911,0.0128,,,,
116768,3649,24.231897354125977,17.262325286865234,6.540962219238281,0.4122641384601593,0.01634616032242775,-0.0004432894056662917,2.106652021408081,-0.00029571179766207933,0.5077305436134338,0.735232949256897,0.7484789490699768,5.754421234130859,-1.59844970703125,4.150206565856934,1.2880079344732207,0.0166,,,,
118368,3699,25.75139617919922,18.709739685058594,6.727126598358154,0.31083258986473083,0.0036967035848647356,0.0026486164424568415,2.1240673065185547,0.0027997365687042475,0.5282548666000366,1.0489699840545654,0.9845805764198303,5.628143310546875,-1.5190798044204712,4.119529724121094,1.2886114553170758,0.0157,,,,
119968,3749,26.343767166137695,19.74756622314453,6.316025257110596,0.27806633710861206,0.0021098454017192125,0.001221820479258895,2.2638683319091797,0.0013731815852224827,0.5328835844993591,0.3995909094810486,0.3790974020957947,5.919288635253906,-1.5139358043670654,4.392323017120361,1.2889718920011783,0.017900000000000003,,,,
121568,3799,18.517024993896484,12.878463745117188,5.266656398773193,0.36623337864875793,0.005670497193932533,-0.0030434108339250088,2.1613123416900635,-0.0028931780252605677,0.5211326479911804,0.4241775572299957,0.4479992985725403,5.949916362762451,-1.441263198852539,4.499116897583008,1.2895172473388306,0.0109,,,,
123168,3849,22.266197204589844,15.678267478942871,6.2554612159729,0.33161288499832153,0.0008549721678718925,0.005692323204129934,2.388808012008667,0.005817921366542578,0.44542795419692993,0.18248975276947021,0.07617050409317017,5.886543273925781,-1.429442286491394,4.46894645690918,1.2900515293697883,0.0185,,,,
124768,3899,21.31188201904297,14.915813446044922,6.075811862945557,0.31673839688301086,0.0035188826732337475,0.0032398200128227472,2.482119560241699,0.003386054653674364,0.5211971998214722,0.712311327457428,0.6368091106414795,5.920360565185547,-1.3593605756759644,4.546083450317383,1.290460896897874,0.0124,,,,
126368,3949,24.795433044433594,17.905019760131836,6.579907417297363,0.3062150776386261,0.0042899977415800095,-6.369384936988354e-05,2.077888011932373,6.866242620162666e-05,0.4801779091358185,0.575111985206604,0.559129536151886,6.049814224243164,-1.3399698734283447,4.711647033691406,1.2909627305221796,0.010399999999999998,,,,
127968,3999,28.272891998291016,20.5655574798584,7.385538578033447,0.3179887533187866,0.0038073742762207985,-0.0009921465534716845,2.1867830753326416,-0.0008312936406582594,0.5595419406890869,0.6315310001373291,0.5642569065093994,5.9441423416137695,-1.3882396221160889,4.557122707366943,1.29147686376606,0.0069,,,,
129568,4049,31.8515625,23.965591430664062,7.487796783447266,0.39527609944343567,0.002897415542975068,-0.0038082762621343136,2.2804324626922607,-0.003668044228106737,0.48574382066726685,0.5092788338661194,0.5356780290603638,6.234470844268799,-1.4047634601593018,4.816600322723389,1.2919053221867771,0.011800000000000001,,,,
131168,4099,19.578758239746094,13.43848991394043,5.931830406188965,0.20664405822753906,0.0017952853813767433,-0.003074789186939597,2.346870183944702,-0.002946809632703662,0.44824591279029846,0.8505847454071045,0.8515658378601074,6.614651679992676,-1.3905750513076782,5.22616720199585,1.2923760071723582,0.011,,,,
132768,4149,23.78441047668457,16.415014266967773,7.013388156890869,0.3533010482788086,0.002705673687160015,0.0003496765566524118,2.3180816173553467,0.0004860243934672326,0.48775482177734375,0.5211707949638367,0.43662914633750916,5.9862518310546875,-1.353292465209961,4.629618167877197,1.2927853629137465,0.0062,,,,
134368,4199,30.095930099487305,22.198793411254883,7.569823741912842,0.32302600145339966,0.004286305978894234,-0.005649437662214041,2.0036022663116455,-0.005510473623871803,0.48265719413757324,0.44080850481987,0.48914793133735657,6.02584171295166,-1.303743839263916,4.703602313995361,1.2932614762136283,0.0161,,,,
135968,4249,22.038673400878906,14.988201141357422,6.823132514953613,0.22299689054489136,0.004343084059655666,-0.001415165257640183,2.339207649230957,-0.0012821501586586237,0.47859349846839905,1.003562331199646,0.9680367708206177,5.767871856689453,-1.3038570880889893,4.480250358581543,1.2934994675369145,0.009899999999999999,,,,
137568,4299,25.626323699951172,18.9544677734375,6.245950698852539,0.41860565543174744,0.007298994343727827,0.0019736597314476967,2.252286434173584,0.0021333687473088503,0.5609034895896912,0.2276536524295807,0.18672312796115875,5.553825855255127,-1.284325122833252,4.256058216094971,1.294128869496981,0.010199999999999999,,,,
139168,4349,27.04975700378418,19.06877899169922,7.660616874694824,0.3133562207221985,0.007004554849117994,0.0012810711050406098,2.1688108444213867,0.0014098818646743894,0.4516979157924652,0.5239881873130798,0.4875979721546173,5.604069709777832,-1.2447093725204468,4.357430458068848,1.2943732206515852,0.012,,,,
140768,4399,28.483827590942383,20.22127342224121,7.890606880187988,0.3697308897972107,0.0022170718293637037,-0.004041207488626242,2.283149480819702,-0.0039051661733537912,0.4701848030090332,0.34947386384010315,0.4043169617652893,6.1068034172058105,-1.2593272924423218,4.832625865936279,1.2947808566455876,0.009800000000000001,,,,
142368,4449,24.730749130249023,18.177627563476562,6.235288143157959,0.31407901644706726,0.0037535890005528927,-0.003467085538432002,2.1945745944976807,-0.0033438524696975946,0.4370824694633484,1.5686898231506348,1.6307889223098755,6.154262065887451,-1.2170045375823975,4.9842352867126465,1.2952200112597496,0.0079,,,,
143968,4499,22.882919311523438,15.052206993103027,7.5024919509887695,0.3242148756980896,0.004006145987659693,-0.003858851036056876,2.0430994033813477,-0.0036998605355620384,0.5542618036270142,0.9329052567481995,0.9319098591804504,6.2882981300354,-1.2241592407226562,5.061955451965332,1.2954531571424304,0.010199999999999999,,,,
145568,4549,22.99956703186035,16.03681755065918,6.581299304962158,0.3731902539730072,0.008261212147772312,-0.003970886114984751,2.0683345794677734,-0.003814554773271084,0.5440672039985657,0.32270801067352295,0.3319407105445862,6.165342807769775,-1.1877299547195435,4.97200870513916,1.2958820298038232,0.0123,,,,
147168,4599,20.144731521606445,13.416759490966797,6.309476852416992,0.41106894612312317,0.00742453895509243,-0.0027365535497665405,2.2313451766967773,-0.0025705485604703426,0.568984866142273,0.9459918737411499,0.9379581212997437,6.413042068481445,-1.1576809883117676,5.243320941925049,1.2962402537572395,0.013,,,,
148768,4649,23.818256378173828,16.240198135375977,7.285202980041504,0.2886592447757721,0.004193819127976894,0.00722891092300415,2.4547600746154785,0.00740249827504158,0.6018015742301941,0.9748852849006653,0.8155634999275208,5.69748592376709,-1.1937986612319946,4.5147271156311035,1.2967397265670662,0.0087,,,,
150368,4699,27.7716064453125,18.985549926757812,8.426074981689453,0.3544141352176666,0.005568106658756733,0.00032864284003153443,2.273935556411743,0.0004571572062559426,0.4570898711681366,0.2903510630130768,0.21710464358329773,5.849977016448975,-1.2066030502319336,4.631921768188477,1.296934469863264,0.0108,,,,
151968,4749,27.137474060058594,19.012168884277344,7.811803340911865,0.3117966055870056,0.0017056113574653864,-0.002241778187453747,2.216956615447998,-0.002108559478074312,0.4718545973300934,0.6783396005630493,0.6932504177093506,6.145869255065918,-1.2309566736221313,4.914577007293701,1.2973186208924141,0.012199999999999999,,,,
153568,4799,20.739473342895508,13.903761863708496,6.445405960083008,0.3818320035934448,0.008474777452647686,-0.0028709329199045897,2.060265302658081,-0.002703229896724224,0.5892425179481506,0.3085659146308899,0.33360907435417175,6.256231784820557,-1.2314807176589966,5.0087504386901855,1.2975567760474618,0.0123,,,,
155168,4849,25.72512435913086,17.61935806274414,7.636707305908203,0.46411529183387756,0.0049430388025939465,0.0010374612174928188,2.1684656143188477,0.001195706077851355,0.561691164970398,0.2614855170249939,0.22329114377498627,5.960086345672607,-1.2082940340042114,4.74154806137085,1.29798697277038,0.0085,,,,
156768,4899,24.18511199951172,15.72257137298584,8.236837387084961,0.22437015175819397,0.0013330300571396947,-0.0076191723346710205,2.08583927154541,-0.007430079393088818,0.6660749912261963,0.644995391368866,0.6952718496322632,6.011343002319336,-1.224310278892517,4.798211097717285,1.298157898551499,0.0169,,,,
158368,4949,19.4312744140625,12.633607864379883,6.37094783782959,0.41810500621795654,0.008615276776254177,-0.002853752113878727,2.2611067295074463,-0.0026852977462112904,0.5835444927215576,0.4020291566848755,0.41063979268074036,6.142823696136475,-1.2235389947891235,4.903626918792725,1.2985364935639054,0.0097,,,,
159968,4999,20.224102020263672,13.284021377563477,6.565262794494629,0.36473509669303894,0.010082286782562733,-0.0009215548052452505,2.2712008953094482,-0.0007628091843798757,0.554160475730896,0.6323904991149902,0.6048592329025269,6.345804691314697,-1.280429482460022,5.055986404418945,1.298860255402702,0.0154,,,,
161568,5049,20.887863159179688,13.990015029907227,6.541800498962402,0.353118360042572,0.0029291389510035515,-0.0012430368224158883,2.2426137924194336,-0.0010752363596111536,0.5832209587097168,0.8180506229400635,0.7932093739509583,6.361954689025879,-1.2837388515472412,5.069825172424316,1.2842845948121575,0.0095,,,,
163168,5099,22.245662689208984,15.217206954956055,6.698873043060303,0.32909688353538513,0.00048400723608210683,-0.002152899745851755,2.0289158821105957,-0.0019944943487644196,0.5455911159515381,0.47051170468330383,0.432264119386673,6.027349472045898,-1.271970272064209,4.738902568817139,1.2854995883101852,0.009600000000000001,,,,
164768,5149,21.77018928527832,14.141176223754883,7.261551380157471,0.361583411693573,0.005878882948309183,-0.0021381410770118237,2.1577987670898438,-0.0019803764298558235,0.5478425621986389,0.7995612025260925,0.8298954963684082,6.124703407287598,-1.259800910949707,4.857682704925537,1.2865934738605096,0.0083,,,,
166368,5199,21.135643005371094,13.662460327148438,7.107638835906982,0.3591003715991974,0.006443141959607601,-0.006701583508402109,2.1236391067504883,-0.006523913238197565,0.6227589845657349,0.15483316779136658,0.23382504284381866,6.110973358154297,-1.2616420984268188,4.833349227905273,1.287786470124982,0.0105,,,,
167968,5249,21.55135726928711,14.273564338684082,6.988006114959717,0.2823668420314789,0.007420068606734276,-0.00030648434767499566,2.0854034423828125,-0.00012678327038884163,0.6308063864707947,0.5615953803062439,0.514305830001831,6.104488372802734,-1.200460433959961,4.894802570343018,1.288876537109103,0.0108,,,,
169568,5299,20.728710174560547,13.85302448272705,6.553872108459473,0.3153834342956543,0.006430613808333874,-0.0028417380526661873,2.0252108573913574,-0.0026747093070298433,0.5889040231704712,0.827897310256958,0.8590480089187622,6.332108497619629,-1.1897265911102295,5.146541118621826,1.290074126428904,0.008199999999999999,,,,
171168,5349,22.53720474243164,15.414240837097168,6.900303840637207,0.2183418720960617,0.004319143481552601,-0.0008050863398239017,2.115445137023926,-0.0005852994509041309,0.7667583227157593,0.6711668968200684,0.6820424795150757,6.252922534942627,-1.1850694417953491,5.0558576583862305,1.2910918990120561,0.0174,,,,
172768,5399,23.7466983795166,16.693218231201172,6.779911041259766,0.2712835669517517,0.0022858064621686935,-0.002227804157882929,1.9256742000579834,-0.0020450283773243427,0.6341784000396729,0.9204530119895935,0.9368520975112915,6.0739665031433105,-1.1909253597259521,4.890906810760498,1.2922662463311876,0.011399999999999999,,,,
174368,5449,19.473140716552734,12.766397476196289,6.417315483093262,0.2873568534851074,0.002070646034553647,-0.003970704041421413,2.1297011375427246,-0.0037660934031009674,0.7072767019271851,0.5240765810012817,0.5597028136253357,5.856874942779541,-1.2000120878219604,4.649546146392822,1.2932250954839921,0.020399999999999998,,,,
175968,5499,20.167171478271484,12.975152015686035,6.894052505493164,0.2951865792274475,0.002778773894533515,-0.0012191642308607697,2.0671069622039795,-0.0010372571414336562,0.6367854475975037,0.5205192565917969,0.48247072100639343,5.71527624130249,-1.2237001657485962,4.499852180480957,1.294375548841426,0.010100000000000001,,,,
177568,5549,18.660917282104492,12.371341705322266,5.886569499969482,0.38971272110939026,0.013292678631842136,-0.0001669462217250839,2.2558605670928955,3.0685914680361748e-06,0.6097013354301453,0.2955751419067383,0.31065961718559265,5.569087028503418,-1.1126068830490112,4.447586536407471,1.2953668707232537,0.011300000000000001,,,,
179168,5599,25.145259857177734,17.33613395690918,7.416552543640137,0.3879328668117523,0.004640048369765282,-0.0014791791327297688,2.078303098678589,-0.001316026784479618,0.5674377679824829,0.590779185295105,0.5706426501274109,5.6197357177734375,-1.1016463041305542,4.51431131362915,1.2963815051116006,0.008899999999999998,,,,
180768,5649,18.44672393798828,11.998930931091309,6.198762893676758,0.24663586914539337,0.002395754447206855,-0.002242047805339098,1.99422287940979,-0.0020978308748453856,0.5265883803367615,1.1396081447601318,1.1359995603561401,5.78024959564209,-1.115849494934082,4.673036575317383,1.297427885471293,0.0136,,,,
182368,5699,31.305383682250977,21.455394744873047,9.490002632141113,0.3591689169406891,0.0008191291126422584,0.004248802084475756,2.1010093688964844,0.004426709841936827,0.6123484373092651,0.7240322828292847,0.6413891911506653,5.827496528625488,-1.0659329891204834,4.749391078948975,1.298339081793982,0.0115,,,,
183968,5749,28.110729217529297,19.584854125976562,8.277917861938477,0.24575334787368774,0.0022026633378118277,-0.0045535750687122345,2.0106253623962402,-0.0043485420756042,0.7268986105918884,0.5477585792541504,0.5732581615447998,5.8824567794799805,-1.0820326805114746,4.790587425231934,1.2993010560204012,0.0108,,,,
185568,5799,23.97061538696289,16.615144729614258,7.034835338592529,0.31933093070983887,0.001304873963817954,0.0029383967630565166,2.1650516986846924,0.00314586260356009,0.7297413945198059,0.5176208019256592,0.5061536431312561,5.974367141723633,-1.0868799686431885,4.873729228973389,1.300180056744653,0.011800000000000001,,,,
187168,5849,19.844083786010742,11.8291015625,7.686563491821289,0.32488495111465454,0.003533438313752413,-0.003886980004608631,1.9649262428283691,-0.0036804534029215574,0.7080971002578735,0.472319632768631,0.48916953802108765,6.265336036682129,-1.0619546175003052,5.187876224517822,1.3011982755262679,0.014899999999999998,,,,
188768,5899,21.623380661010742,14.043715476989746,7.202925682067871,0.37093621492385864,0.0058034081012010574,-0.003021542215719819,2.0061426162719727,-0.0028234163764864206,0.7185227274894714,1.027209997177124,1.0292770862579346,5.972488880157471,-1.08115816116333,4.906970500946045,1.3020516564754558,0.018299999999999997,,,,
190368,5949,28.151498794555664,18.611351013183594,9.155427932739258,0.3802775740623474,0.004442047793418169,0.0011510493932291865,2.0893239974975586,0.0013112156884744763,0.5759201645851135,1.2438799142837524,1.1615241765975952,6.337003707885742,-1.0504295825958252,5.315079689025879,1.302919398091914,0.0078,,,,
191968,5999,23.95024871826172,16.764856338500977,6.84829568862915,0.3306342661380768,0.006461434066295624,0.0005923332064412534,1.9767978191375732,0.0008017636719159782,0.7305026650428772,0.6215075254440308,0.6056973934173584,6.603072643280029,-1.0013269186019897,5.585297584533691,1.3039444259765909,0.0089,,,,
193568,6049,22.289255142211914,14.891528129577637,7.122682571411133,0.2672620415687561,0.007784578483551741,-0.004670498427003622,2.1655540466308594,-0.00450138607993722,0.6052733063697815,0.7735815644264221,0.795010507106781,6.587373733520508,-1.0112732648849487,5.5735273361206055,1.3047144818629166,0.0058,,,,
195168,6099,22.414331436157227,14.267927169799805,7.756328105926514,0.3891184329986572,0.0009569987887516618,-2.3688538931310177e-05,1.9723114967346191,0.0001533706672489643,0.6463867425918579,0.7853478193283081,0.7601431012153625,6.2896599769592285,-1.0177369117736816,5.272676944732666,1.305616929079037,0.0096,,,,
196768,6149,23.759313583374023,15.639972686767578,7.7847723960876465,0.3306909501552582,0.00387851195409894,0.0022958654444664717,1.9773666858673096,0.0025012821424752474,0.7121556997299194,0.28600984811782837,0.2714022397994995,6.247926235198975,-0.9808388948440552,5.229050636291504,1.3064581874780616,0.010199999999999999,,,,
198368,6199,20.397411346435547,13.051387786865234,7.019859313964844,0.3251703083515167,0.0009945834754034877,0.0015277365455403924,2.2232167720794678,0.0017238010186702013,0.6824517250061035,1.2846744060516357,1.2447370290756226,6.733928203582764,-0.9761926531791687,5.768705368041992,1.307275102452041,0.007799999999999999,,,,
199968,6249,21.429157257080078,13.446893692016602,7.689093589782715,0.29144400358200073,0.00172594771720469,-0.001586618134751916,2.1266427040100098,-0.0013966100523248315,0.6570938229560852,0.9381144046783447,0.9562157988548279,6.457637310028076,-0.9927998781204224,5.447380542755127,1.3080270053555825,0.0083,,,,
201568,6299,18.380393981933594,11.534476280212402,6.544943809509277,0.2964954972267151,0.004477774258702993,-0.0031466397922486067,2.0849835872650146,-0.0029791819397360086,0.5810527801513672,1.851667881011963,1.8004529476165771,6.1217265129089355,-1.0045812129974365,5.1864728927612305,1.30892918626137,0.0051,,,,
203168,6349,19.037906646728516,12.108555793762207,6.479081630706787,0.4420434236526489,0.008226579055190086,0.0002893693745136261,2.2344651222229004,0.0004452820576261729,0.5524248480796814,1.274505853652954,1.2009267807006836,6.112400531768799,-0.997328519821167,5.117335796356201,1.3096859459047603,0.006900000000000001,,,,
204768,6399,18.72199058532715,12.383400917053223,6.083135604858398,0.2500571012496948,0.005395255517214537,-0.0005807625129818916,2.0208966732025146,-0.00042355290497653186,0.5537388324737549,0.6776580214500427,0.6826690435409546,5.844664573669434,-1.0458067655563354,4.788880825042725,1.3104376063905956,0.005900000000000001,,,,
206368,6449,21.365339279174805,13.584630966186523,7.464102268218994,0.3106679916381836,0.0059379832819104195,-0.0022563000675290823,2.095686197280884,-0.0020880931988358498,0.5882821083068848,0.7859921455383301,0.8407665491104126,5.875018119812012,-0.9773546457290649,4.882030963897705,1.3112475498940415,0.009800000000000001,,,,
207968,6499,23.568580627441406,15.143536567687988,8.094319343566895,0.325473427772522,0.005250772461295128,-0.0011751622660085559,2.1639139652252197,-0.0010127093410119414,0.5653848052024841,0.7817796468734741,0.7584220170974731,5.745924949645996,-0.9723462462425232,4.781238079071045,1.3120140222099217,0.0109,,,,
209568,6549,20.111135482788086,12.713994026184082,7.034855365753174,0.35861003398895264,0.0036746414843946695,0.0014250035164877772,2.168738603591919,0.0015502367168664932,0.46055734157562256,0.904431939125061,0.8679530620574951,5.6507415771484375,-0.9775973558425903,4.677390098571777,1.312720711624125,0.0087,,,,
211168,6599,20.391937255859375,12.084362983703613,7.918118000030518,0.3799420893192291,0.009513908997178078,0.0030441908165812492,2.049363136291504,0.00320286862552166,0.5543844699859619,0.8036422729492188,0.7362972497940063,5.8882737159729,-0.9493223428726196,4.925062656402588,1.3134581692928473,0.0129,,,,
212768,6649,21.071273803710938,13.572261810302734,7.162787437438965,0.330452561378479,0.005771423224359751,-0.0012585264630615711,2.208214521408081,-0.0011136755347251892,0.5083639621734619,1.0218902826309204,1.0086705684661865,6.47830867767334,-0.9490211606025696,5.527538776397705,1.3141672961079824,0.0111,,,,
214368,6699,16.45906639099121,9.632182121276855,6.552807807922363,0.2710517644882202,0.0030243403743952513,-0.002953583374619484,2.1892406940460205,-0.002833957551047206,0.42615851759910583,0.9288393259048462,0.9668800234794617,6.469715118408203,-0.8964408040046692,5.551459789276123,1.3148569766989595,0.0123,,,,
215968,6749,22.703323364257812,14.994518280029297,7.397989749908447,0.31023913621902466,0.0005758393672294915,-0.00048292713472619653,2.1654605865478516,-0.0003058889415115118,0.6161856055259705,0.7701647877693176,0.7506489157676697,6.290184020996094,-0.9437400102615356,5.3381452560424805,1.3155404929431769,0.008100000000000001,,,,
217568,6799,22.505325317382812,14.753779411315918,7.508096218109131,0.2387937605381012,0.004656409844756126,0.0008364136447198689,2.2670159339904785,0.0009742006077431142,0.4927169680595398,1.0794687271118164,0.9924653768539429,6.228247165679932,-0.9450631737709045,5.298913955688477,1.3163057213092912,0.005900000000000001,,,,
219168,6849,19.11078453063965,11.126973152160645,7.537370204925537,0.4389615058898926,0.007481394801288843,-0.0028965731617063284,2.263611078262329,-0.0027580559253692627,0.48294806480407715,1.0602281093597412,1.0393869876861572,5.85168981552124,-0.9396567940711975,4.9095778465271,1.3169674990943687,0.0176,,,,
220768,6899,21.878204345703125,13.860301971435547,7.697897911071777,0.31179848313331604,0.00820562057197094,-0.00039394089253619313,2.2532553672790527,-0.0002547091571614146,0.4821753203868866,0.5452145934104919,0.5235547423362732,5.83104133605957,-0.9006648659706116,4.906213760375977,1.3176503769406185,0.0086,,,,
222368,6949,17.26290512084961,10.428855895996094,6.547794342041016,0.2830994725227356,0.0031541266944259405,-0.0021944164764136076,2.212082862854004,-0.0020733708515763283,0.43877309560775757,1.0209122896194458,0.9976047873497009,5.680990695953369,-0.897696852684021,4.794398307800293,1.318309894291867,0.014100000000000001,,,,
223968,6999,20.370502471923828,12.796537399291992,7.221555709838867,0.3481023609638214,0.004306969698518515,-0.009250819683074951,2.0315208435058594,-0.009073829278349876,0.6138782501220703,1.2029000520706177,1.2646535634994507,5.752867698669434,-0.9079480171203613,4.8478264808654785,1.3189401008715231,0.0058000000000000005,,,,
225568,7049,21.686410903930664,13.843637466430664,7.479271411895752,0.3574751019477844,0.00602683424949646,-0.0005813360912725329,2.075329303741455,-0.00045957614202052355,0.42613381147384644,1.122644305229187,1.1252214908599854,6.084433078765869,-0.9404134154319763,5.16920280456543,1.3196248024883221,0.007300000000000001,,,,
227168,7099,17.03899383544922,9.690757751464844,7.054797172546387,0.29281601309776306,0.0006209500133991241,-0.0012578144669532776,2.0151021480560303,-0.0011140969581902027,0.4997476041316986,0.9154682159423828,0.9053336977958679,5.67753791809082,-0.8962657451629639,4.77639102935791,1.3202482266284878,0.008199999999999999,,,,
228768,7149,19.31776237487793,12.142133712768555,6.904304504394531,0.2676279842853546,0.003696705913171172,-0.0007527603884227574,1.974812388420105,-0.0006021143635734916,0.5269045829772949,1.2648934125900269,1.2560615539550781,6.083008766174316,-1.000014066696167,5.089272975921631,1.3209405206535298,0.009,,,,
230368,7199,23.215503692626953,15.4083251953125,7.444067001342773,0.35483965277671814,0.008272303268313408,6.41393125988543e-06,2.0966925621032715,0.0001787573128240183,0.5985626578330994,0.9947087168693542,0.9779225587844849,6.025460720062256,-0.9540600180625916,5.061450958251953,1.321571960585947,0.0148,,,,
231968,7249,20.39608383178711,13.17270278930664,6.911384582519531,0.3099660873413086,0.002028874820098281,-0.0028921549674123526,2.3701670169830322,-0.002734358888119459,0.5487037301063538,0.8630843162536621,0.8403510451316833,6.2025370597839355,-1.0001314878463745,5.190704822540283,1.3222072277686916,0.0078,,,,
233568,7299,22.376323699951172,13.735002517700195,8.347001075744629,0.2888115346431732,0.005509260576218367,-0.001842139638029039,2.0550479888916016,-0.0016930062556639314,0.5245891213417053,0.7911267280578613,0.7749714851379395,6.1941237449646,-0.9673058390617371,5.218935966491699,1.3228576608592513,0.0123,,,,
235168,7349,18.9571533203125,12.035799026489258,6.6812262535095215,0.23886582255363464,0.001261767465621233,0.00032282108440995216,1.9916818141937256,0.0004937281482852995,0.6155144572257996,0.9341727495193481,0.8754904270172119,6.08480167388916,-0.9537659287452698,5.125660419464111,1.3234954929463982,0.0088,,,,
236768,7399,20.74811363220215,13.359223365783691,7.102498531341553,0.2849527895450592,0.0014406506670638919,-0.0010758128482848406,1.9449028968811035,-0.0009179924381896853,0.5459963083267212,0.6283013224601746,0.6412963271141052,6.241957187652588,-0.9122468829154968,5.314576625823975,1.3240987412665557,0.0175,,,,
238368,7449,16.3264217376709,9.209671974182129,6.771513938903809,0.3428831994533539,0.002351099159568548,-0.002006380120292306,2.059277057647705,-0.0018814681097865105,0.44576871395111084,0.45529288053512573,0.45600152015686035,6.432096481323242,-0.9211623072624207,5.482457160949707,1.3247083329343972,0.0088,,,,
239968,7499,18.925800323486328,11.164539337158203,7.39123010635376,0.3575214743614197,0.012511123903095722,-0.0008353833109140396,2.1445577144622803,-0.0006936304271221161,0.5003325939178467,1.1938621997833252,1.1419451236724854,6.473479270935059,-0.8732152581214905,5.599312782287598,1.3253939106414052,0.010100000000000001,,,,
